name,category_name,category_label,level1_category_name,level2_category_name,level3_category_name,level4_category_name,level5_category_name,level6_category_name,latitude,longitude
Aris Bbq,BBQ Joint,Dining and Drinking > Restaurant > BBQ Joint,Dining and Drinking,Restaurant,BBQ Joint,,,,42.36013059269572,-71.0545482125941
Aris Eat Barbecue,BBQ Joint,Dining and Drinking > Restaurant > BBQ Joint,Dining and Drinking,Restaurant,BBQ Joint,,,,42.359690827167476,-71.05600045991332
Arizona BBQ,BBQ Joint,Dining and Drinking > Restaurant > BBQ Joint,Dining and Drinking,Restaurant,BBQ Joint,,,,42.3293874310036,-71.08454376970447
Back Bay BBQ,BBQ Joint,Dining and Drinking > Restaurant > BBQ Joint,Dining and Drinking,Restaurant,BBQ Joint,,,,42.366509,-71.062759
Backyard BBQ,BBQ Joint,Dining and Drinking > Restaurant > BBQ Joint,Dining and Drinking,Restaurant,BBQ Joint,,,,42.33850117802442,-71.07460588791973
Che-Chi's Bar-BQ,BBQ Joint,Dining and Drinking > Restaurant > BBQ Joint,Dining and Drinking,Restaurant,BBQ Joint,,,,42.347425557400804,-71.09642688759024
Ciccone Rooftop Bar & Grille,BBQ Joint,Dining and Drinking > Restaurant > BBQ Joint,Dining and Drinking,Restaurant,BBQ Joint,,,,42.33408012044878,-71.03512477347476
Cochon 555,BBQ Joint,Dining and Drinking > Restaurant > BBQ Joint,Dining and Drinking,Restaurant,BBQ Joint,,,,42.348920756096916,-71.08004009107434
Dave B's Smokehouse,BBQ Joint,Dining and Drinking > Restaurant > BBQ Joint,Dining and Drinking,Restaurant,BBQ Joint,,,,42.375107744909094,-71.06145064218639
Eugene's Roofie Roof,BBQ Joint,Dining and Drinking > Restaurant > BBQ Joint,Dining and Drinking,Restaurant,BBQ Joint,,,,42.33986755092209,-71.08128507298505
Go Right Grill,BBQ Joint,Dining and Drinking > Restaurant > BBQ Joint,Dining and Drinking,Restaurant,BBQ Joint,,,,42.37719431316355,-71.05959859181256
Hidden Barbeque,BBQ Joint,Dining and Drinking > Restaurant > BBQ Joint,Dining and Drinking,Restaurant,BBQ Joint,,,,42.34630164793207,-71.05081271467864
Jon's BBQ Courtyard,BBQ Joint,Dining and Drinking > Restaurant > BBQ Joint,Dining and Drinking,Restaurant,BBQ Joint,,,,42.33468587260287,-71.02867062082743
Kao Bbq,BBQ Joint,Dining and Drinking > Restaurant > BBQ Joint,Dining and Drinking,Restaurant,BBQ Joint,,,,42.35331242009953,-71.13260713371072
Karo's BBQ / Chicken Kebab,BBQ Joint,Dining and Drinking > Restaurant > BBQ Joint,Dining and Drinking,Restaurant,BBQ Joint,,,,42.35024,-71.076676
Larry J's BBQ Cafe,BBQ Joint,Dining and Drinking > Restaurant > BBQ Joint,Dining and Drinking,Restaurant,BBQ Joint,,,,42.34832502359337,-71.03961167011424
Linwood Grill & Barbecue,BBQ Joint,Dining and Drinking > Restaurant > BBQ Joint,Dining and Drinking,Restaurant,BBQ Joint,,,,42.34253991144586,-71.09946580228373
M&M BBQ,BBQ Joint,Dining and Drinking > Restaurant > BBQ Joint,Dining and Drinking,Restaurant,BBQ Joint,,,,42.322108666648326,-71.06233517010763
M&M Ribs,BBQ Joint,Dining and Drinking > Restaurant > BBQ Joint,Dining and Drinking,Restaurant,BBQ Joint,,,,42.32977880174687,-71.07512352786884
M&M Ribs @ SOWA,BBQ Joint,Dining and Drinking > Restaurant > BBQ Joint,Dining and Drinking,Restaurant,BBQ Joint,,,,42.33110073315655,-71.0674376444978
Naksan Korean Bbq,Korean BBQ Restaurant,Dining and Drinking > Restaurant > Asian Restaurant > Korean Restaurant > Korean BBQ Restaurant,Dining and Drinking,Restaurant,Asian Restaurant,Korean Restaurant,Korean BBQ Restaurant,,42.34853075754044,-71.13906436001695
Omi Korean Grill,Korean BBQ Restaurant,Dining and Drinking > Restaurant > Asian Restaurant > Korean Restaurant > Korean BBQ Restaurant,Dining and Drinking,Restaurant,Asian Restaurant,Korean Restaurant,Korean BBQ Restaurant,,42.342139,-71.086024
Pinch's Peener Palace of Pork Products,BBQ Joint,Dining and Drinking > Restaurant > BBQ Joint,Dining and Drinking,Restaurant,BBQ Joint,,,,42.3278211421749,-71.04806271900284
Reunion BBQ,BBQ Joint,Dining and Drinking > Restaurant > BBQ Joint,Dining and Drinking,Restaurant,BBQ Joint,,,,42.34678886165032,-71.06932329057918
Secret Barbecue,BBQ Joint,Dining and Drinking > Restaurant > BBQ Joint,Dining and Drinking,Restaurant,BBQ Joint,,,,42.345208320382,-71.0521083597115
Smoke Shop BBQ,BBQ Joint,Dining and Drinking > Restaurant > BBQ Joint,Dining and Drinking,Restaurant,BBQ Joint,,,,42.3506141,-71.0493611
Sweet Cheeks Q,BBQ Joint,Dining and Drinking > Restaurant > BBQ Joint,Dining and Drinking,Restaurant,BBQ Joint,,,,42.34373828994109,-71.10125852846103
Tasty BBQ,BBQ Joint,Dining and Drinking > Restaurant > BBQ Joint,Dining and Drinking,Restaurant,BBQ Joint,,,,42.35590219761674,-71.06055030277935
Texas Thunder BBQ Company at The BBQ Beach Party,BBQ Joint,Dining and Drinking > Restaurant > BBQ Joint,Dining and Drinking,Restaurant,BBQ Joint,,,,42.35974376715129,-71.05937855120732
The Big Green Egg,BBQ Joint,Dining and Drinking > Restaurant > BBQ Joint,Dining and Drinking,Restaurant,BBQ Joint,,,,42.359847152041624,-71.06946919046352
The Causeway Restaurant and Pub,BBQ Joint,Dining and Drinking > Restaurant > BBQ Joint,Dining and Drinking,Restaurant,BBQ Joint,,,,42.3646590394484,-71.06291183403863
The Sausage Connection,BBQ Joint,Dining and Drinking > Restaurant > BBQ Joint,Dining and Drinking,Restaurant,BBQ Joint,,,,42.34731623835271,-71.09597889474297
The Smoke Shop BBQ,BBQ Joint,Dining and Drinking > Restaurant > BBQ Joint,Dining and Drinking,Restaurant,BBQ Joint,,,,42.36561,-71.061527
The Smoke Shop BBQ,BBQ Joint,Dining and Drinking > Restaurant > BBQ Joint,Dining and Drinking,Restaurant,BBQ Joint,,,,42.366548,-71.041941
Uling Roasters,BBQ Joint,Dining and Drinking > Restaurant > BBQ Joint,Dining and Drinking,Restaurant,BBQ Joint,,,,42.32688535871762,-71.05425346204385
Whats Sub BBQ,BBQ Joint,Dining and Drinking > Restaurant > BBQ Joint,Dining and Drinking,Restaurant,BBQ Joint,,,,42.35601111846689,-71.06189937417123
boston beer BBQ fest boston,BBQ Joint,Dining and Drinking > Restaurant > BBQ Joint,Dining and Drinking,Restaurant,BBQ Joint,,,,42.34470274753518,-71.07126379772471
co ma,BBQ Joint,Dining and Drinking > Restaurant > BBQ Joint,Dining and Drinking,Restaurant,BBQ Joint,,,,42.293872330425216,-71.05368398493684
laretta's,BBQ Joint,Dining and Drinking > Restaurant > BBQ Joint,Dining and Drinking,Restaurant,BBQ Joint,,,,42.34725184109629,-71.0945054671091
